<?xml version="1.0" encoding="UTF-8"?>
<project-private xmlns="http://www.netbeans.org/ns/project-private/1">
    <editor-bookmarks xmlns="http://www.netbeans.org/ns/editor-bookmarks/2" lastBookmarkId="0"/>
    <open-files xmlns="http://www.netbeans.org/ns/projectui-open-files/2">
        <group>
            <file>file:/F:/CODEFORCES/src/codeforces/P492B.java</file>
            <file>file:/F:/CODEFORCES/src/codeforces/P1180A.java</file>
            <file>file:/F:/CODEFORCES/src/codeforces/P266B.java</file>
            <file>file:/F:/CODEFORCES/src/codeforces/MoneyProlem.java</file>
            <file>file:/F:/CODEFORCES/src/codeforces/P116A.java</file>
            <file>file:/F:/CODEFORCES/src/codeforces/P122A.java</file>
        </group>
    </open-files>
</project-private>
